first_name,last_name,work_email,contact_number
Emily,Williams,emily_williams@mail.com,91111111
Michael,Smith,michaelSmith@mail.com,91111112
David,Brown,david_brown@mail.com,91111113
Jennifer,Davis,jennifer_davis@mail.com,91111114
Christopher,Martinez,christopher_martinez@mail.com,91111115
Jessica,Taylor,jessica_taylor@mail.com,91111116
Tyler,Covington,tylerCovington@mail.com,91111117
Daniel,Wilson,danielWilson@mail.com,91111118
Sarah,Johnson,sarah_johnson@mail.com,91111119
Jennifer,Tay,jennifer_tay@mail.com,91111121
Melissa,Jones,melissa_jones@mail.com,91111122
